incorrect,correct,error_type,explanation
"She go to college.","She goes to college.","Subject-Verb Agreement","The singular subject 'She' requires the verb 'goes'."
"He go to school.","He goes to school.","Subject-Verb Agreement","The singular subject 'He' requires 'goes'."
"They plays football.","They play football.","Subject-Verb Agreement","The plural subject 'They' requires 'play'."
"I goes to college.","I go to college.","Verb Agreement","The first-person pronoun 'I' uses 'go' rather than 'goes'."
"He have a book.","He has a book.","Subject-Verb Agreement","The singular subject 'He' requires 'has'."
"These book are interesting.","These books are interesting.","Number Agreement","'These' refers to a plural noun, so 'books' is required."
"An good student.","A good student.","Article Error","Use 'a' before this consonant sound."
"Yesterday I go home.","Yesterday I went home.","Tense Error","'Yesterday' indicates past time, so the past form is required."
"She is a honest girl.","She is an honest girl.","Article Error","In this common example, the h is silent and 'an' is used."
"This books are interesting.","This book is interesting.","Number Agreement","'This' refers to one item, so the noun should be singular."
"I don't know nothing.","I don't know anything.","Possible Double Negative","This supported pattern uses 'anything' after the negative verb."
"good in mathematics","good at mathematics","Preposition Error","Use 'good at' for a skill or subject."
"interested on music","interested in music","Preposition Error","The usual preposition after 'interested' is 'in'."
"depend of others","depend on others","Preposition Error","The usual preposition after 'depend' is 'on'."
